-- phpMyAdmin SQL Dump
-- version 4.7.4
-- https://www.phpmyadmin.net/
--
-- Host: 127.0.0.1
-- Generation Time: Jan 27, 2018 at 02:11 PM
-- Server version: 10.1.29-MariaDB
-- PHP Version: 7.2.0

SET SQL_MODE = "NO_AUTO_VALUE_ON_ZERO";
SET AUTOCOMMIT = 0;
START TRANSACTION;
SET time_zone = "+00:00";


/*!40101 SET @OLD_CHARACTER_SET_CLIENT=@@CHARACTER_SET_CLIENT */;
/*!40101 SET @OLD_CHARACTER_SET_RESULTS=@@CHARACTER_SET_RESULTS */;
/*!40101 SET @OLD_COLLATION_CONNECTION=@@COLLATION_CONNECTION */;
/*!40101 SET NAMES utf8mb4 */;

--
-- Database: `takehome`
--

-- --------------------------------------------------------

--
-- Table structure for table `course`
--

CREATE TABLE `course` (
  `fullname` varchar(40) DEFAULT NULL,
  `shortname` varchar(20) DEFAULT NULL
) ENGINE=InnoDB DEFAULT CHARSET=latin1;

--
-- Dumping data for table `course`
--

INSERT INTO `course` (`fullname`, `shortname`) VALUES
('Web Application Development', 'WAD'),
('Operating Systems', 'OS'),
('Multivariate Calculus', 'MVC'),
('Introduction to Psychology', 'Pyscho'),
('Data Structures and Algorithms', 'DSA'),
('Computer Organization and Assembly', 'COAL'),
('Discrete Structures', 'DS'),
('Probability and Statistics', 'Prob'),
('Mobile Application Development', 'MAD'),
('Design and Analysis of Algorithms', 'AA'),
('Computer Architecture', 'CA');

-- --------------------------------------------------------

--
-- Table structure for table `registration`
--

CREATE TABLE `registration` (
  `sid` varchar(20) DEFAULT NULL,
  `cname` varchar(20) DEFAULT NULL,
  `section` char(1) DEFAULT NULL,
  `serNo` int(11) DEFAULT NULL
) ENGINE=InnoDB DEFAULT CHARSET=latin1;

--
-- Dumping data for table `registration`
--

INSERT INTO `registration` (`sid`, `cname`, `section`, `serNo`) VALUES
('L1F12BSCS0457', 'WAD', 'A', 1),
('L1F12BSCS0489', 'WAD', 'A', 2),
('L1F12BSCS2357', 'WAD', 'A', 3),
('L1F13BSCS0020', 'WAD', 'A', 4),
('L1F13BSCS0418', 'WAD', 'A', 5),
('L1F13BSCS0513', 'WAD', 'A', 6),
('L1F13BSCS2298', 'WAD', 'A', 7),
('L1F14BSCS0058', 'WAD', 'A', 8),
('L1F14BSCS0380', 'WAD', 'A', 9),
('L1F15BSCS0016', 'WAD', 'A', 10),
('L1F15BSCS0024', 'WAD', 'A', 11),
('L1F15BSCS0061', 'WAD', 'A', 12),
('L1F15BSCS0101', 'WAD', 'A', 13),
('L1F15BSCS0108', 'WAD', 'A', 14),
('L1F15BSCS0114', 'WAD', 'A', 15),
('L1F15BSCS0129', 'WAD', 'A', 16),
('L1F15BSCS0130', 'WAD', 'A', 17),
('L1F15BSCS0147', 'WAD', 'A', 18),
('L1F15BSCS0171', 'WAD', 'A', 19),
('L1F15BSCS0197', 'WAD', 'A', 20),
('L1F15BSCS0230', 'WAD', 'A', 21),
('L1F15BSCS0231', 'WAD', 'A', 22),
('L1F15BSCS0239', 'WAD', 'A', 23),
('L1F15BSCS0263', 'WAD', 'A', 24),
('L1F15BSCS0264', 'WAD', 'A', 25),
('L1F15BSCS0271', 'WAD', 'A', 26),
('L1F15BSCS0284', 'WAD', 'A', 27),
('L1F15BSCS0292', 'WAD', 'A', 28),
('L1F15BSCS0294', 'WAD', 'A', 29),
('L1F15BSCS0299', 'WAD', 'A', 30),
('L1F15BSCS0307', 'WAD', 'A', 31),
('L1F15BSCS0324', 'WAD', 'A', 32),
('L1F15BSCS0330', 'WAD', 'A', 33),
('L1F15BSCS0332', 'WAD', 'A', 34),
('L1F15BSCS0349', 'WAD', 'A', 35),
('L1F15BSCS0379', 'WAD', 'A', 36),
('L1F15BSCS0410', 'WAD', 'A', 37),
('L1F15BSCS0456', 'WAD', 'A', 38),
('L1F15BSCS0460', 'WAD', 'A', 39),
('L1S15BSCS0010', 'WAD', 'A', 40),
('L1S15BSCS0018', 'WAD', 'A', 41),
('L1S15BSCS0042', 'WAD', 'A', 42),
('L1F12BSCS0446', 'OS', 'B', 1),
('L1F14BSCS0010', 'OS', 'B', 2),
('L1F14BSCS0078', 'OS', 'B', 3),
('L1F14BSCS0199', 'OS', 'B', 4),
('L1F14BSCS0282', 'OS', 'B', 5),
('L1F14BSCS0429', 'OS', 'B', 6),
('L1F14BSCS0435', 'OS', 'B', 7),
('L1F14BSCS0447', 'OS', 'B', 8),
('L1F15BSCS0013', 'OS', 'B', 9),
('L1F15BSCS0026', 'OS', 'B', 10),
('L1F15BSCS0033', 'OS', 'B', 11),
('L1F15BSCS0034', 'OS', 'B', 12),
('L1F15BSCS0051', 'OS', 'B', 13),
('L1F15BSCS0059', 'OS', 'B', 14),
('L1F15BSCS0080', 'OS', 'B', 15),
('L1F15BSCS0082', 'OS', 'B', 16),
('L1F15BSCS0093', 'OS', 'B', 17),
('L1F15BSCS0095', 'OS', 'B', 18),
('L1F15BSCS0106', 'OS', 'B', 19),
('L1F15BSCS0110', 'OS', 'B', 20),
('L1F15BSCS0111', 'OS', 'B', 21),
('L1F15BSCS0117', 'OS', 'B', 22),
('L1F15BSCS0118', 'OS', 'B', 23),
('L1F15BSCS0127', 'OS', 'B', 24),
('L1F15BSCS0158', 'OS', 'B', 25),
('L1F15BSCS0249', 'OS', 'B', 26),
('L1F15BSCS0291', 'OS', 'B', 27),
('L1F15BSCS0321', 'OS', 'B', 28),
('L1F15BSCS0334', 'OS', 'B', 29),
('L1F15BSCS0335', 'OS', 'B', 30),
('L1F15BSCS0341', 'OS', 'B', 31),
('L1F15BSCS0343', 'OS', 'B', 32),
('L1F15BSCS0345', 'OS', 'B', 33),
('L1F15BSCS0347', 'OS', 'B', 34),
('L1F15BSCS0350', 'OS', 'B', 35),
('L1F15BSCS0353', 'OS', 'B', 36),
('L1F15BSCS0398', 'OS', 'B', 37),
('L1F15BSCS0437', 'OS', 'B', 38),
('L1F15BSCS0445', 'OS', 'B', 39),
('L1F15BSCS0447', 'OS', 'B', 40),
('L1F15BSCS0450', 'OS', 'B', 41),
('L1S15BSCS0011', 'OS', 'B', 42),
('L1S15BSCS0073', 'OS', 'B', 43),
('L1S15BSCS0095', 'OS', 'B', 44),
('L1S15BSCS0108', 'OS', 'B', 45),
('L1S15BSCS0114', 'OS', 'B', 46),
('L1F16BSCS0024', 'MVC', 'F', 1),
('L1F16BSCS0090', 'MVC', 'F', 2),
('L1F16BSCS0102', 'MVC', 'F', 3),
('L1F16BSCS0106', 'MVC', 'F', 4),
('L1F16BSCS0111', 'MVC', 'F', 5),
('L1F16BSCS0113', 'MVC', 'F', 6),
('L1F16BSCS0117', 'MVC', 'F', 7),
('L1F16BSCS0122', 'MVC', 'F', 8),
('L1F16BSCS0125', 'MVC', 'F', 9),
('L1F16BSCS0130', 'MVC', 'F', 10),
('L1F16BSCS0137', 'MVC', 'F', 11),
('L1F16BSCS0138', 'MVC', 'F', 12),
('L1F16BSCS0139', 'MVC', 'F', 13),
('L1F16BSCS0141', 'MVC', 'F', 14),
('L1F16BSCS0148', 'MVC', 'F', 15),
('L1F16BSCS0164', 'MVC', 'F', 16),
('L1F16BSCS0170', 'MVC', 'F', 17),
('L1F16BSCS0172', 'MVC', 'F', 18),
('L1F16BSCS0178', 'MVC', 'F', 19),
('L1F16BSCS0315', 'MVC', 'F', 21),
('L1F16BSCS0347', 'MVC', 'F', 22),
('L1F16BSCS0353', 'MVC', 'F', 23),
('L1F16BSCS0361', 'MVC', 'F', 24),
('L1F16BSCS0440', 'MVC', 'F', 25),
('L1F16BSCS0443', 'MVC', 'F', 26),
('L1F16BSCS0445', 'MVC', 'F', 27),
('L1F16BSCS0448', 'MVC', 'F', 28),
('L1F16BSCS0451', 'MVC', 'F', 29),
('L1F16BSCS0452', 'MVC', 'F', 30),
('L1F16BSCS0455', 'MVC', 'F', 31),
('L1F16BSCS0458', 'MVC', 'F', 32),
('L1F16BSCS0465', 'MVC', 'F', 33),
('L1F16BSCS0474', 'MVC', 'F', 34),
('L1F16BSCS0477', 'MVC', 'F', 35),
('L1F16BSCS0480', 'MVC', 'F', 36),
('L1F16BSCS0485', 'MVC', 'F', 38),
('L1F16BSCS0506', 'MVC', 'F', 39),
('L1F16BSCS0517', 'MVC', 'F', 40),
('L1F16BSCS0529', 'MVC', 'F', 41),
('L1F16BSCS0554', 'MVC', 'F', 42),
('L1F16BSCS0557', 'MVC', 'F', 43),
('L1F16BSCS0563', 'MVC', 'F', 44),
('L1F16BSCS0567', 'MVC', 'F', 45),
('L1F16BSCS0024', 'Pyscho', 'F', 1),
('L1F16BSCS0026', 'Pyscho', 'F', 2),
('L1F16BSCS0033', 'Pyscho', 'F', 3),
('L1F16BSCS0049', 'Pyscho', 'F', 4),
('L1F16BSCS0082', 'Pyscho', 'F', 5),
('L1F16BSCS0090', 'Pyscho', 'F', 6),
('L1F16BSCS0102', 'Pyscho', 'F', 7),
('L1F16BSCS0106', 'Pyscho', 'F', 8),
('L1F16BSCS0107', 'Pyscho', 'F', 9),
('L1F16BSCS0113', 'Pyscho', 'F', 10),
('L1F16BSCS0117', 'Pyscho', 'F', 11),
('L1F16BSCS0130', 'Pyscho', 'F', 12),
('L1F16BSCS0137', 'Pyscho', 'F', 13),
('L1F16BSCS0138', 'Pyscho', 'F', 14),
('L1F16BSCS0147', 'Pyscho', 'F', 15),
('L1F16BSCS0161', 'Pyscho', 'F', 16),
('L1F16BSCS0162', 'Pyscho', 'F', 17),
('L1F16BSCS0176', 'Pyscho', 'F', 18),
('L1F16BSCS0178', 'Pyscho', 'F', 19),
('L1F16BSCS0181', 'Pyscho', 'F', 20),
('L1F16BSCS0184', 'Pyscho', 'F', 21),
('L1F16BSCS0192', 'Pyscho', 'F', 22),
('L1F16BSCS0193', 'Pyscho', 'F', 23),
('L1F16BSCS0195', 'Pyscho', 'F', 24),
('L1F16BSCS0199', 'Pyscho', 'F', 25),
('L1F16BSCS0217', 'Pyscho', 'F', 26),
('L1F16BSCS0283', 'Pyscho', 'F', 27),
('L1F16BSCS0284', 'Pyscho', 'F', 28),
('L1F16BSCS0343', 'Pyscho', 'F', 29),
('L1F16BSCS0348', 'Pyscho', 'F', 30),
('L1F16BSCS0357', 'Pyscho', 'F', 31),
('L1F16BSCS0372', 'Pyscho', 'F', 32),
('L1F16BSCS0409', 'Pyscho', 'F', 33),
('L1F16BSCS0428', 'Pyscho', 'F', 34),
('L1F16BSCS0440', 'Pyscho', 'F', 35),
('L1F16BSCS0443', 'Pyscho', 'F', 36),
('L1F16BSCS0448', 'Pyscho', 'F', 37),
('L1F16BSCS0451', 'Pyscho', 'F', 38),
('L1F16BSCS0452', 'Pyscho', 'F', 39),
('L1F16BSCS0455', 'Pyscho', 'F', 40),
('L1F16BSCS0458', 'Pyscho', 'F', 41),
('L1F16BSCS0465', 'Pyscho', 'F', 42),
('L1F16BSCS0474', 'Pyscho', 'F', 43),
('L1F16BSCS0477', 'Pyscho', 'F', 44),
('L1F16BSCS0480', 'Pyscho', 'F', 45),
('L1F16BSCS0522', 'Pyscho', 'F', 46),
('L1S16BSCS0118', 'Pyscho', 'F', 47),
('L1F16BSCS0072', 'DSA', 'F', 1),
('L1F16BSCS0088', 'DSA', 'F', 2),
('L1F16BSCS0090', 'DSA', 'F', 3),
('L1F16BSCS0101', 'DSA', 'F', 4),
('L1F16BSCS0102', 'DSA', 'F', 5),
('L1F16BSCS0106', 'DSA', 'F', 6),
('L1F16BSCS0110', 'DSA', 'F', 7),
('L1F16BSCS0113', 'DSA', 'F', 8),
('L1F16BSCS0117', 'DSA', 'F', 9),
('L1F16BSCS0122', 'DSA', 'F', 10),
('L1F16BSCS0125', 'DSA', 'F', 11),
('L1F16BSCS0130', 'DSA', 'F', 12),
('L1F16BSCS0137', 'DSA', 'F', 13),
('L1F16BSCS0138', 'DSA', 'F', 14),
('L1F16BSCS0139', 'DSA', 'F', 15),
('L1F16BSCS0141', 'DSA', 'F', 16),
('L1F16BSCS0172', 'DSA', 'F', 17),
('L1F16BSCS0228', 'DSA', 'F', 18),
('L1F16BSCS0248', 'DSA', 'F', 19),
('L1F16BSCS0263', 'DSA', 'F', 20),
('L1F16BSCS0329', 'DSA', 'F', 21),
('L1F16BSCS0353', 'DSA', 'F', 22),
('L1F16BSCS0440', 'DSA', 'F', 23),
('L1F16BSCS0443', 'DSA', 'F', 24),
('L1F16BSCS0448', 'DSA', 'F', 25),
('L1F16BSCS0451', 'DSA', 'F', 26),
('L1F16BSCS0452', 'DSA', 'F', 27),
('L1F16BSCS0455', 'DSA', 'F', 28),
('L1F16BSCS0458', 'DSA', 'F', 29),
('L1F16BSCS0465', 'DSA', 'F', 30),
('L1F16BSCS0474', 'DSA', 'F', 31),
('L1F16BSCS0477', 'DSA', 'F', 32),
('L1F16BSCS0480', 'DSA', 'F', 33),
('L1F16BSCS0485', 'DSA', 'F', 34),
('L1F16BSCS0506', 'DSA', 'F', 35),
('L1F16BSCS0517', 'DSA', 'F', 36),
('L1F16BSCS0529', 'DSA', 'F', 37),
('L1F16BSCS0554', 'DSA', 'F', 38),
('L1F16BSCS0557', 'DSA', 'F', 39),
('L1F16BSCS0558', 'DSA', 'F', 40),
('L1F16BSCS0563', 'DSA', 'F', 41),
('L1F16BSCS0567', 'DSA', 'F', 42),
('L1F17BSCS0232', 'DSA', 'F', 43),
('L1F16BSCS0090', 'COAL', 'F', 3),
('L1F16BSCS0101', 'COAL', 'F', 4),
('L1F16BSCS0102', 'COAL', 'F', 5),
('L1F16BSCS0106', 'COAL', 'F', 6),
('L1F16BSCS0110', 'COAL', 'F', 7),
('L1F16BSCS0113', 'COAL', 'F', 8),
('L1F16BSCS0117', 'COAL', 'F', 9),
('L1F16BSCS0122', 'COAL', 'F', 10),
('L1F16BSCS0125', 'COAL', 'F', 11),
('L1F16BSCS0130', 'COAL', 'F', 12),
('L1F16BSCS0137', 'COAL', 'F', 13),
('L1F16BSCS0138', 'COAL', 'F', 14),
('L1F16BSCS0139', 'COAL', 'F', 15),
('L1F16BSCS0141', 'COAL', 'F', 16),
('L1F16BSCS0147', 'COAL', 'F', 17),
('L1F16BSCS0148', 'COAL', 'F', 18),
('L1F16BSCS0162', 'COAL', 'F', 19),
('L1F16BSCS0164', 'COAL', 'F', 20),
('L1F16BSCS0172', 'COAL', 'F', 21),
('L1F16BSCS0178', 'COAL', 'F', 22),
('L1F16BSCS0329', 'COAL', 'F', 23),
('L1F16BSCS0353', 'COAL', 'F', 24),
('L1F16BSCS0373', 'COAL', 'F', 25),
('L1F16BSCS0388', 'COAL', 'F', 26),
('L1F16BSCS0440', 'COAL', 'F', 27),
('L1F16BSCS0445', 'COAL', 'F', 28),
('L1F16BSCS0448', 'COAL', 'F', 29),
('L1F16BSCS0451', 'COAL', 'F', 30),
('L1F16BSCS0452', 'COAL', 'F', 31),
('L1F16BSCS0455', 'COAL', 'F', 32),
('L1F16BSCS0458', 'COAL', 'F', 33),
('L1F16BSCS0464', 'COAL', 'F', 34),
('L1F16BSCS0465', 'COAL', 'F', 35),
('L1F16BSCS0474', 'COAL', 'F', 36),
('L1F16BSCS0477', 'COAL', 'F', 37),
('L1F16BSCS0480', 'COAL', 'F', 38),
('L1F16BSCS0485', 'COAL', 'F', 40),
('L1F16BSCS0506', 'COAL', 'F', 41),
('L1F16BSCS0517', 'COAL', 'F', 42),
('L1F16BSCS0529', 'COAL', 'F', 43),
('L1F16BSCS0554', 'COAL', 'F', 44),
('L1F16BSCS0563', 'COAL', 'F', 45),
('L1F16BSCS0090', 'DS', 'F', 1),
('L1F16BSCS0102', 'DS', 'F', 3),
('L1F16BSCS0110', 'DS', 'F', 4),
('L1F16BSCS0113', 'DS', 'F', 5),
('L1F16BSCS0117', 'DS', 'F', 6),
('L1F16BSCS0122', 'DS', 'F', 7),
('L1F16BSCS0125', 'DS', 'F', 8),
('L1F16BSCS0130', 'DS', 'F', 9),
('L1F16BSCS0137', 'DS', 'F', 10),
('L1F16BSCS0138', 'DS', 'F', 11),
('L1F16BSCS0141', 'DS', 'F', 12),
('L1F16BSCS0159', 'DS', 'F', 13),
('L1F16BSCS0161', 'DS', 'F', 14),
('L1F16BSCS0329', 'DS', 'F', 16),
('L1F16BSCS0353', 'DS', 'F', 17),
('L1F16BSCS0440', 'DS', 'F', 18),
('L1F16BSCS0443', 'DS', 'F', 19),
('L1F16BSCS0445', 'DS', 'F', 20),
('L1F16BSCS0448', 'DS', 'F', 21),
('L1F16BSCS0451', 'DS', 'F', 22),
('L1F16BSCS0452', 'DS', 'F', 23),
('L1F16BSCS0455', 'DS', 'F', 24),
('L1F16BSCS0458', 'DS', 'F', 25),
('L1F16BSCS0465', 'DS', 'F', 26),
('L1F16BSCS0474', 'DS', 'F', 27),
('L1F16BSCS0477', 'DS', 'F', 28),
('L1F16BSCS0480', 'DS', 'F', 29),
('L1F16BSCS0485', 'DS', 'F', 30),
('L1F16BSCS0554', 'DS', 'F', 31),
('L1F16BSCS0563', 'DS', 'F', 32),
('L1F13BSCS2178', 'Prob', 'B', 1),
('L1F13BSCS2249', 'Prob', 'B', 2),
('L1F14BSCS0282', 'Prob', 'B', 3),
('L1F14BSCS0435', 'Prob', 'B', 4),
('L1F15BSCS0013', 'Prob', 'B', 5),
('L1F15BSCS0014', 'Prob', 'B', 6),
('L1F15BSCS0026', 'Prob', 'B', 7),
('L1F15BSCS0033', 'Prob', 'B', 8),
('L1F15BSCS0035', 'Prob', 'B', 9),
('L1F15BSCS0046', 'Prob', 'B', 10),
('L1F15BSCS0073', 'Prob', 'B', 11),
('L1F15BSCS0074', 'Prob', 'B', 12),
('L1F15BSCS0086', 'Prob', 'B', 13),
('L1F15BSCS0098', 'Prob', 'B', 14),
('L1F15BSCS0100', 'Prob', 'B', 15),
('L1F15BSCS0105', 'Prob', 'B', 16),
('L1F15BSCS0117', 'Prob', 'B', 17),
('L1F15BSCS0194', 'Prob', 'B', 18),
('L1F15BSCS0197', 'Prob', 'B', 19),
('L1F15BSCS0202', 'Prob', 'B', 20),
('L1F15BSCS0215', 'Prob', 'B', 21),
('L1F15BSCS0237', 'Prob', 'B', 22),
('L1F15BSCS0249', 'Prob', 'B', 24),
('L1F15BSCS0252', 'Prob', 'B', 25),
('L1F12BSCS0457', 'MAD', 'B', 1),
('L1F13BSCS2028', 'MAD', 'B', 2),
('L1F13BSCS2161', 'MAD', 'B', 3),
('L1F13BSCS2426', 'MAD', 'B', 4),
('L1F13BSCS2514', 'MAD', 'B', 5),
('L1F14BSCS0037', 'MAD', 'B', 6),
('L1F14BSCS0058', 'MAD', 'B', 7),
('L1F14BSCS0101', 'MAD', 'B', 8),
('L1F14BSCS0150', 'MAD', 'B', 9),
('L1F14BSCS0270', 'MAD', 'B', 10),
('L1F14BSCS0430', 'MAD', 'B', 11),
('L1F14BSCS0435', 'MAD', 'B', 12),
('L1F14BSCS7178', 'MAD', 'B', 13),
('L1F15BSCS0013', 'MAD', 'B', 14),
('L1F15BSCS0026', 'MAD', 'B', 15),
('L1F15BSCS0033', 'MAD', 'B', 16),
('L1F15BSCS0034', 'MAD', 'B', 17),
('L1F15BSCS0057', 'MAD', 'B', 18),
('L1F15BSCS0105', 'MAD', 'B', 19),
('L1F15BSCS0114', 'MAD', 'B', 20),
('L1F15BSCS0117', 'MAD', 'B', 21),
('L1F15BSCS0146', 'MAD', 'B', 22),
('L1F15BSCS0170', 'MAD', 'B', 23),
('L1F15BSCS0202', 'MAD', 'B', 24),
('L1F15BSCS0249', 'MAD', 'B', 25),
('L1F15BSCS0259', 'MAD', 'B', 26),
('L1F15BSCS0288', 'MAD', 'B', 27),
('L1F15BSCS0321', 'MAD', 'B', 28),
('L1F15BSCS0335', 'MAD', 'B', 29),
('L1F15BSCS0347', 'MAD', 'B', 30),
('L1F15BSCS0350', 'MAD', 'B', 31),
('L1F15BSCS0353', 'MAD', 'B', 32),
('L1F15BSCS0395', 'MAD', 'B', 33),
('L1F15BSCS0398', 'MAD', 'B', 34),
('L1F15BSCS0402', 'MAD', 'B', 35),
('L1F15BSCS0408', 'MAD', 'B', 36),
('L1S14BSCS0037', 'MAD', 'B', 37),
('L1S14BSCS2003', 'MAD', 'B', 38),
('L1S14BSCS2013', 'MAD', 'B', 39),
('L1S14BSCS2027', 'MAD', 'B', 40),
('L1S14BSCS2060', 'MAD', 'B', 41),
('L1S14BSCS2081', 'MAD', 'B', 42),
('L1S14BSCS2118', 'MAD', 'B', 43),
('L1S14BSCS2121', 'MAD', 'B', 44),
('L1S15BSCS0108', 'MAD', 'B', 45),
('L1S15BSCS0114', 'MAD', 'B', 46),
('L1F12BSCS0446', 'AA', 'B', 1),
('L1F12BSCS2036', 'AA', 'B', 2),
('L1F13BSCS2167', 'AA', 'B', 3),
('L1F13BSCS2593', 'AA', 'B', 4),
('L1F13BSCS2625', 'AA', 'B', 5),
('L1F14BSCS0058', 'AA', 'B', 6),
('L1F14BSCS0100', 'AA', 'B', 7),
('L1F14BSCS0270', 'AA', 'B', 8),
('L1F14BSCS0286', 'AA', 'B', 9),
('L1F14BSCS0320', 'AA', 'B', 10),
('L1F14BSCS0430', 'AA', 'B', 11),
('L1F14BSCS0435', 'AA', 'B', 12),
('L1F15BSCS0013', 'AA', 'B', 13),
('L1F15BSCS0014', 'AA', 'B', 14),
('L1F15BSCS0026', 'AA', 'B', 15),
('L1F15BSCS0033', 'AA', 'B', 16),
('L1F15BSCS0034', 'AA', 'B', 17),
('L1F15BSCS0035', 'AA', 'B', 18),
('L1F15BSCS0098', 'AA', 'B', 19),
('L1F15BSCS0099', 'AA', 'B', 20),
('L1F15BSCS0106', 'AA', 'B', 21),
('L1F15BSCS0117', 'AA', 'B', 22),
('L1F15BSCS0171', 'AA', 'B', 23),
('L1F15BSCS0320', 'AA', 'B', 24),
('L1F15BSCS0321', 'AA', 'B', 25),
('L1F15BSCS0335', 'AA', 'B', 26),
('L1F15BSCS0347', 'AA', 'B', 27),
('L1F15BSCS0350', 'AA', 'B', 28),
('L1F15BSCS0353', 'AA', 'B', 29),
('L1F15BSCS0398', 'AA', 'B', 30),
('L1F15BSCS0410', 'AA', 'B', 31),
('L1F16BSCS0332', 'AA', 'B', 32),
('L1F17MSCS0019', 'AA', 'B', 33),
('L1S14BSCS2006', 'AA', 'B', 34),
('L1S14BSCS2139', 'AA', 'B', 35),
('L1S15BSCS0021', 'AA', 'B', 36),
('L1S15BSCS0042', 'AA', 'B', 37),
('L1S15BSCS0114', 'AA', 'B', 38),
('L1F12BSCS0446', 'OS', 'B', 1),
('L1F14BSCS0010', 'OS', 'B', 2),
('L1F14BSCS0078', 'OS', 'B', 3),
('L1F14BSCS0199', 'OS', 'B', 4),
('L1F14BSCS0282', 'OS', 'B', 5),
('L1F14BSCS0429', 'OS', 'B', 6),
('L1F14BSCS0435', 'OS', 'B', 7),
('L1F14BSCS0447', 'OS', 'B', 8),
('L1F15BSCS0013', 'OS', 'B', 9),
('L1F15BSCS0026', 'OS', 'B', 10),
('L1F15BSCS0033', 'OS', 'B', 11),
('L1F15BSCS0034', 'OS', 'B', 12),
('L1F15BSCS0051', 'OS', 'B', 13),
('L1F15BSCS0059', 'OS', 'B', 14),
('L1F15BSCS0080', 'OS', 'B', 15),
('L1F15BSCS0082', 'OS', 'B', 16),
('L1F15BSCS0093', 'OS', 'B', 17),
('L1F15BSCS0095', 'OS', 'B', 18),
('L1F15BSCS0106', 'OS', 'B', 19),
('L1F15BSCS0110', 'OS', 'B', 20),
('L1F15BSCS0111', 'OS', 'B', 21),
('L1F15BSCS0117', 'OS', 'B', 22),
('L1F15BSCS0118', 'OS', 'B', 23),
('L1F15BSCS0127', 'OS', 'B', 24),
('L1F15BSCS0158', 'OS', 'B', 25),
('L1F15BSCS0249', 'OS', 'B', 26),
('L1F15BSCS0291', 'OS', 'B', 27),
('L1F15BSCS0321', 'OS', 'B', 28),
('L1F15BSCS0334', 'OS', 'B', 29),
('L1F15BSCS0335', 'OS', 'B', 30),
('L1F15BSCS0341', 'OS', 'B', 31),
('L1F15BSCS0343', 'OS', 'B', 32),
('L1F15BSCS0345', 'OS', 'B', 33),
('L1F15BSCS0347', 'OS', 'B', 34),
('L1F15BSCS0350', 'OS', 'B', 35),
('L1F15BSCS0353', 'OS', 'B', 36),
('L1F15BSCS0398', 'OS', 'B', 37),
('L1F15BSCS0437', 'OS', 'B', 38),
('L1F15BSCS0445', 'OS', 'B', 39),
('L1F15BSCS0447', 'OS', 'B', 40),
('L1F15BSCS0450', 'OS', 'B', 41),
('L1S15BSCS0011', 'OS', 'B', 42),
('L1S15BSCS0073', 'OS', 'B', 43),
('L1S15BSCS0095', 'OS', 'B', 44),
('L1S15BSCS0108', 'OS', 'B', 45),
('L1S15BSCS0114', 'OS', 'B', 46),
('L1F13BSCS0111', 'CA', 'D', 1),
('L1F13BSCS0137', 'CA', 'D', 2),
('L1F13BSCS0368', 'CA', 'D', 3),
('L1F14BSCS0297', 'CA', 'D', 4),
('L1F14BSCS0413', 'CA', 'D', 5),
('L1F14BSCS0429', 'CA', 'D', 6),
('L1F14BSCS0447', 'CA', 'D', 7),
('L1F15BSCS0062', 'CA', 'D', 8),
('L1F15BSCS0209', 'CA', 'D', 9),
('L1F15BSCS0308', 'CA', 'D', 10),
('L1F15BSCS0310', 'CA', 'D', 11),
('L1F15BSCS0314', 'CA', 'D', 12),
('L1F15BSCS0333', 'CA', 'D', 13),
('L1F15BSCS0413', 'CA', 'D', 14),
('L1F15BSCS0428', 'CA', 'D', 15),
('L1F15BSCS7005', 'CA', 'D', 16),
('L1F15BSCS7017', 'CA', 'D', 17),
('L1F15BSCS7025', 'CA', 'D', 18),
('L1F15BSCS7028', 'CA', 'D', 19),
('L1F17BSCS0268', 'CA', 'D', 20),
('L1F17MSCS0001', 'CA', 'D', 21),
('L1S15BSCS0082', 'CA', 'D', 22),
('L1S15BSCS0089', 'CA', 'D', 23),
('L1S16BSCS0033', 'CA', 'D', 24),
('L1S16BSCS0094', 'CA', 'D', 25);

-- --------------------------------------------------------

--
-- Table structure for table `students`
--

CREATE TABLE `students` (
  `id` varchar(20) NOT NULL,
  `fname` varchar(50) DEFAULT NULL
) ENGINE=InnoDB DEFAULT CHARSET=latin1;

--
-- Dumping data for table `students`
--

INSERT INTO `students` (`id`, `fname`) VALUES
('L1F12BSCS0446', ' MUHAMMAD USMAN AZAM'),
('L1F12BSCS0457', ' MUHAMMAD AHSAN'),
('L1F12BSCS0489', ' AYESHA ZIA'),
('L1F12BSCS2036', ' TAIMOOR ZAFAR'),
('L1F12BSCS2357', ' AHMAD WASEEM SHAHID'),
('L1F13BSCS0020', ' MUHAMMAD MUHTESHIM GHAZALI'),
('L1F13BSCS0111', ' FARAZ YOUSAF BUTT'),
('L1F13BSCS0137', ' MUHAMMAD AZAZ HASSAN'),
('L1F13BSCS0368', ' AWAIS ASLAM'),
('L1F13BSCS0418', ' SHEHARYAR ANWAR'),
('L1F13BSCS0513', ' ATTIQA SIDDIQUI'),
('L1F13BSCS2028', ' MUBBASHER ASHRAF'),
('L1F13BSCS2161', ' MUHAMMAD UMAR'),
('L1F13BSCS2167', ' AHSAN NAEEM'),
('L1F13BSCS2178', ' HAMMAD SHAH'),
('L1F13BSCS2249', ' MUHAMMAD ZAID KHAN'),
('L1F13BSCS2298', ' RANA MAHID TOUQEER'),
('L1F13BSCS2426', ' MUHAMMAD USAMA'),
('L1F13BSCS2514', ' UMAIR AKBAR'),
('L1F13BSCS2593', ' GHULAM RASOOL'),
('L1F13BSCS2625', ' ALI AHMED'),
('L1F14BSCS0010', ' KHIZAR YOUNAS'),
('L1F14BSCS0037', ' MUHAMMAD SAAD BASHIR'),
('L1F14BSCS0058', ' FAREED AHMAD'),
('L1F14BSCS0078', ' MUHAMMAD MOAZAM'),
('L1F14BSCS0100', ' KASHIF RAZA'),
('L1F14BSCS0101', ' HUMA RIAZ'),
('L1F14BSCS0150', ' BARIRA'),
('L1F14BSCS0199', ' MUHAMMAD NAVEED ASHFAQ'),
('L1F14BSCS0270', ' SHAHBAZ ALI'),
('L1F14BSCS0282', ' JAHAN ZAIB KHAN'),
('L1F14BSCS0286', ' NAYYAB ARIF'),
('L1F14BSCS0297', ' AITZAZ AKMAL'),
('L1F14BSCS0320', ' MUHAMMAD ASIF NABEEL'),
('L1F14BSCS0380', ' ASSAD ARSHAD'),
('L1F14BSCS0413', ' HAFIZ MUHAMMAD AHSAN SARWAR'),
('L1F14BSCS0429', ' MUHAMMAD SADDIQUE'),
('L1F14BSCS0430', ' MUHAMMAD AHMED SADEE'),
('L1F14BSCS0435', ' MUHAMMAD AHMAD'),
('L1F14BSCS0447', ' MUHAMMAD FARHAN ANWAR'),
('L1F14BSCS7178', ' MUHAMMAD MUNEEB UR REHMAN'),
('L1F15BSCS0013', ' SHOAIB AHMAD'),
('L1F15BSCS0014', ' MUHAMMAD WAQAS'),
('L1F15BSCS0016', ' FAIZAN ANJUM'),
('L1F15BSCS0024', ' M. ADEEL MUNIR'),
('L1F15BSCS0026', ' AZEEM ASHRAF'),
('L1F15BSCS0033', ' ABDUL REHMAN'),
('L1F15BSCS0034', ' ALI HAMZA'),
('L1F15BSCS0035', ' TARIQ AMAN'),
('L1F15BSCS0046', ' HAFIZ HAIDER ANEES'),
('L1F15BSCS0051', ' ANSAR ALI'),
('L1F15BSCS0057', ' MUZAIB ALI'),
('L1F15BSCS0059', ' MUHAMMAD ADIL'),
('L1F15BSCS0061', ' SAAD BIN FAYYAZ'),
('L1F15BSCS0062', ' M. SAAD BUKHTIAR'),
('L1F15BSCS0073', ' USAMA ASGHAR'),
('L1F15BSCS0074', ' SHAMAL KHAN'),
('L1F15BSCS0080', ' SADAF RAZZAQ'),
('L1F15BSCS0082', ' FARWA SALEEM'),
('L1F15BSCS0086', ' ALHAN MAQSOOD'),
('L1F15BSCS0093', ' MUHAMMAD TALHA'),
('L1F15BSCS0095', ' USAMA LATIF'),
('L1F15BSCS0098', ' M. AHMAD'),
('L1F15BSCS0099', ' RAVAIL IRSHAD'),
('L1F15BSCS0100', ' BILAL BASHIR'),
('L1F15BSCS0101', ' MUHAMMAD TAYYAB ABID'),
('L1F15BSCS0105', ' SYED ALE-HUSNAIN SHAH'),
('L1F15BSCS0106', ' MUHAMMAD USAMA NADEEM'),
('L1F15BSCS0108', ' KHADIJA SOHAIL'),
('L1F15BSCS0110', ' ZAIN WAHEED'),
('L1F15BSCS0111', ' RAO ABDUL REHMAN'),
('L1F15BSCS0114', ' MUBEEN AHMED'),
('L1F15BSCS0117', ' USAMA RIZWAN'),
('L1F15BSCS0118', ' FARASAT ALI AZIZ'),
('L1F15BSCS0127', ' UMER SULTAN'),
('L1F15BSCS0129', ' MOMINA MOHSIN KHAN'),
('L1F15BSCS0130', ' HAMMAD UR REHMAN'),
('L1F15BSCS0146', ' KAMIL HASSAAN'),
('L1F15BSCS0147', ' M. JAWAD'),
('L1F15BSCS0158', ' KINZA SIAL'),
('L1F15BSCS0170', ' WAQAS SHAUKAT'),
('L1F15BSCS0171', ' SAAD HAIDER'),
('L1F15BSCS0194', ' RIDA TARIQ'),
('L1F15BSCS0197', ' AROOSHA SHEHZAD'),
('L1F15BSCS0202', ' ALI SAJJAD'),
('L1F15BSCS0209', ' HAFIZ AMEER HAMZA SUBHANI'),
('L1F15BSCS0215', ' JAVERIA'),
('L1F15BSCS0230', ' MUHAMMAD AGHNUS JAMIL'),
('L1F15BSCS0231', ' SAYAM ALI'),
('L1F15BSCS0237', ' RAJA ZEESHAN SHEHBAZ'),
('L1F15BSCS0239', ' MUGHEES BUTT'),
('L1F15BSCS0249', ' M. ABID'),
('L1F15BSCS0252', ' USAMA MEHMOOD'),
('L1F15BSCS0259', ' EHTESHAM HASHMI'),
('L1F15BSCS0263', ' MUHAMMAD HUSNAIN ALI'),
('L1F15BSCS0264', ' MUHAMMAD NOUMAN EJAZ'),
('L1F15BSCS0271', ' SALMAN DAWOOD'),
('L1F15BSCS0284', ' IQRA SULTAN'),
('L1F15BSCS0288', ' ABDUL KAREEM'),
('L1F15BSCS0291', ' SAFA ASIF'),
('L1F15BSCS0292', ' MARRIAM FEROZ'),
('L1F15BSCS0294', ' SAROSH NADEEM CHAUDHARY'),
('L1F15BSCS0299', ' NUMAN IRFAN'),
('L1F15BSCS0307', ' ATIQA FATIMA AFZAL'),
('L1F15BSCS0308', ' SHOAIB RAZAQ'),
('L1F15BSCS0310', ' MUHAMMAD SOBAN'),
('L1F15BSCS0314', ' M BILAL'),
('L1F15BSCS0320', ' MOMIN MUSHTAQ'),
('L1F15BSCS0321', ' TAYYABA YOUNAS'),
('L1F15BSCS0324', ' MUHAMMAD SOBAN JAVED'),
('L1F15BSCS0330', ' MOUHID MEHMOOD'),
('L1F15BSCS0332', ' SAAD MAJID'),
('L1F15BSCS0333', ' USAMA ZAID'),
('L1F15BSCS0334', ' FAHAD ALI'),
('L1F15BSCS0335', ' AMBER ISHFAQUE'),
('L1F15BSCS0341', ' MOHSIN HANEEF'),
('L1F15BSCS0343', ' AMEER HUMZA ABID'),
('L1F15BSCS0345', ' MANSOOR ZAFAR'),
('L1F15BSCS0347', ' M. HARIS'),
('L1F15BSCS0349', ' RASHID ALI'),
('L1F15BSCS0350', ' ZOYA MOHSIN'),
('L1F15BSCS0353', ' MALAHAT ASHFAQ'),
('L1F15BSCS0379', ' SALMAN SHAHID'),
('L1F15BSCS0395', ' SIDRA ASLAM'),
('L1F15BSCS0398', ' MUHAMMAD SAQLAIN MUNIR'),
('L1F15BSCS0402', ' MARIYAM KHAN'),
('L1F15BSCS0408', ' LYBA MUSHTAQ'),
('L1F15BSCS0410', ' M. USAMA TAYYAB'),
('L1F15BSCS0413', ' M. FARAZ'),
('L1F15BSCS0428', ' SHAHID FAROOQ'),
('L1F15BSCS0437', ' HAFIZ ZIA AHMAD'),
('L1F15BSCS0445', ' ABDUL MATEEN'),
('L1F15BSCS0447', ' REHAN BUTT'),
('L1F15BSCS0450', ' UMAR GULRAIZ'),
('L1F15BSCS0456', ' WALI UR REHMAN'),
('L1F15BSCS0460', ' ALI ZAFAR'),
('L1F15BSCS7005', ' ABDUL FAHAD FAHEEM'),
('L1F15BSCS7017', ' MOHAMMAD ABDUL MOEED'),
('L1F15BSCS7025', ' FARGHAM AHSAN'),
('L1F15BSCS7028', ' FARIA FAWAD'),
('L1F16BSCS0024', ' MUHAMMAD SAIM NAVEED'),
('L1F16BSCS0026', ' HASSAN SHAKIL'),
('L1F16BSCS0033', ' MUZAMIL TEHREEM'),
('L1F16BSCS0049', ' MOHSIN BASTI'),
('L1F16BSCS0072', ' MUHAMMAD MUBEEN JAVED'),
('L1F16BSCS0082', ' MUHAMMAD ZAIN EJAZ'),
('L1F16BSCS0088', ' WALEED AHMAD MINHAS'),
('L1F16BSCS0090', ' ABDUL REHMAN SHAFIQ'),
('L1F16BSCS0101', ' QADEER KHAN'),
('L1F16BSCS0102', ' FAYZAN WASIM'),
('L1F16BSCS0106', ' MUHAMMAD AHMAD'),
('L1F16BSCS0107', ' MAYEDA MERAJ'),
('L1F16BSCS0110', ' UZAIR AHMED'),
('L1F16BSCS0111', ' MUHAMMAD MOHSIN'),
('L1F16BSCS0113', ' ABDULLAH SAJJAD'),
('L1F16BSCS0117', ' MUHAMMAD KALEEM'),
('L1F16BSCS0122', ' MUHAMMAD MUBEEN'),
('L1F16BSCS0125', ' MUHAMMAD IHTASHAM ARIF'),
('L1F16BSCS0130', ' BILAL AHMED'),
('L1F16BSCS0137', ' HASSAN SAEED'),
('L1F16BSCS0138', ' SARMAD KHURSHEED'),
('L1F16BSCS0139', ' HAFIZ AMEER HAMZA RIZWAN BUTT'),
('L1F16BSCS0141', ' ALIHA TANVEER'),
('L1F16BSCS0147', ' SALMAN AAMIR'),
('L1F16BSCS0148', ' BASIT IRFAN'),
('L1F16BSCS0159', ' ABDULLAH SHAFIQUE'),
('L1F16BSCS0161', ' MOHAMMAD ASAD HASHMI'),
('L1F16BSCS0162', ' M.SHOAIB'),
('L1F16BSCS0164', ' MUHAMMAD SAMEER NAEEM'),
('L1F16BSCS0170', ' MUHAMMAD HAMZA'),
('L1F16BSCS0172', ' WAHAJ KHALID'),
('L1F16BSCS0176', ' MUHAMMAD KHYZER NAEEM'),
('L1F16BSCS0178', ' MUSAB ULLAH'),
('L1F16BSCS0181', ' TALHA BIN NAYYAR'),
('L1F16BSCS0184', ' MUHAMMAD ALI SULEHRI'),
('L1F16BSCS0192', ' TAHREEM FATIMA'),
('L1F16BSCS0193', ' HASSAN TARIQ'),
('L1F16BSCS0195', ' ALI HAMZA'),
('L1F16BSCS0199', ' SAMAN SHAHZAD KHAN'),
('L1F16BSCS0217', ' SHEHREEN FATIMA'),
('L1F16BSCS0228', ' MUHAMMAD SUFYAN ASHRAF'),
('L1F16BSCS0248', ' MUHAMMAD WISAAM ARIF'),
('L1F16BSCS0263', ' HASHIR UMAR'),
('L1F16BSCS0283', ' FATIMA NASEEM'),
('L1F16BSCS0284', ' MOHSIN ALI'),
('L1F16BSCS0315', ' SADIA MUZAMMIL'),
('L1F16BSCS0329', ' HASSAN KHOSA'),
('L1F16BSCS0332', ' MUHAMMAD AHMAD'),
('L1F16BSCS0343', ' WAHAB JAMSHAID'),
('L1F16BSCS0347', ' SHERAZ RAEES'),
('L1F16BSCS0348', ' M. HASSAN RAZA'),
('L1F16BSCS0353', ' ROSHAAN AHMED BUTT'),
('L1F16BSCS0357', ' ZEESHAN RIAZ'),
('L1F16BSCS0361', ' MEER FAIZA NADEEM'),
('L1F16BSCS0372', ' WAQAS MUSTAFA'),
('L1F16BSCS0373', ' FARAH SARWAR'),
('L1F16BSCS0388', ' MUHAMMAD USMAN'),
('L1F16BSCS0409', ' YUSRA SHAHID'),
('L1F16BSCS0428', ' AHSAN NAWAZ'),
('L1F16BSCS0440', ' MUHAMMAD AAMISH'),
('L1F16BSCS0443', ' ASAD IQBAL'),
('L1F16BSCS0445', ' HAIDER ALI TAHIR'),
('L1F16BSCS0448', ' M.ALI'),
('L1F16BSCS0451', ' MUHAMMAD USMAN SHER'),
('L1F16BSCS0452', ' USAMA AHMAD'),
('L1F16BSCS0455', ' MUHAMMAD SHOAIB MALIK'),
('L1F16BSCS0458', ' NAVEED SADAQAT ALI'),
('L1F16BSCS0464', ' ALI ZAIB HASSAN'),
('L1F16BSCS0465', ' ABEERA ASHRAF'),
('L1F16BSCS0474', ' BILAL AHMAD'),
('L1F16BSCS0477', ' ALI HAIDER'),
('L1F16BSCS0480', ' DANYAL AHMAD'),
('L1F16BSCS0485', ' FAHIM ARSHAD'),
('L1F16BSCS0506', ' MUHAMMAD KHAQAN CHAUDHARY'),
('L1F16BSCS0517', ' MUHAMMAD DANIYAL JAMSHED'),
('L1F16BSCS0522', ' ABDUL WASAY SHAMAS'),
('L1F16BSCS0529', ' SAMI UR REHMAN'),
('L1F16BSCS0554', ' HAFIZ ATTA U REHMAN SAJID'),
('L1F16BSCS0557', ' SYED MUHAMMAD IZHAN SAQIB'),
('L1F16BSCS0558', ' MUNIS HASAN'),
('L1F16BSCS0563', ' WAMIK YASIN'),
('L1F16BSCS0567', ' HUSSAIN SHAHID'),
('L1F17BSCS0232', ' MAHNOOR ALI'),
('L1F17BSCS0268', ' SYED RAZA MEHDI'),
('L1F17MSCS0001', ' SONAINA ILYAS'),
('L1F17MSCS0019', ' FARAN ALI'),
('L1S14BSCS0037', ' SYED AHSAN UL HAQ'),
('L1S14BSCS2003', ' FRAYYAM ASIF'),
('L1S14BSCS2006', ' UMAIR ALI'),
('L1S14BSCS2013', ' FALAK NAWAB'),
('L1S14BSCS2027', ' ADEEL AHMED'),
('L1S14BSCS2060', ' ADEEL RIAZ'),
('L1S14BSCS2081', ' AIMAN MUZAFAR'),
('L1S14BSCS2118', ' HAFIZ MUHAMMAD KAZIM HAFEEZ'),
('L1S14BSCS2121', ' ATIF TAHIR'),
('L1S14BSCS2139', ' ADNAN ARSHAD'),
('L1S15BSCS0010', ' MUHAMMAD HAMZA SAGHEER'),
('L1S15BSCS0011', ' HAFIZ MUHAMMAD USAMA BHATTI'),
('L1S15BSCS0018', ' ADIL YASEEN'),
('L1S15BSCS0021', ' MUHAMMAD UMAR ASLAM'),
('L1S15BSCS0042', ' KHURAM SHAHZAD'),
('L1S15BSCS0073', ' ABDUL SABOOR'),
('L1S15BSCS0082', ' ABDULLAH TARIQ'),
('L1S15BSCS0089', ' TALHA KHAN'),
('L1S15BSCS0095', ' MUHAMMAD HASEEB'),
('L1S15BSCS0108', ' SITWAT FATIMA'),
('L1S15BSCS0114', ' AANSA FAKHAR'),
('L1S16BSCS0033', ' SYED MUHAMMAD BILAL'),
('L1S16BSCS0094', ' SAAD AHMED HAFEEZ'),
('L1S16BSCS0118', ' AHMED NISAR');

-- --------------------------------------------------------

--
-- Table structure for table `tableslots`
--

CREATE TABLE `tableslots` (
  `id` int(11) NOT NULL,
  `weekDay` int(11) NOT NULL,
  `sTime` varchar(35) NOT NULL,
  `eTime` varchar(35) NOT NULL,
  `slotNo` int(11) NOT NULL
) ENGINE=InnoDB DEFAULT CHARSET=latin1;

--
-- Dumping data for table `tableslots`
--

INSERT INTO `tableslots` (`id`, `weekDay`, `sTime`, `eTime`, `slotNo`) VALUES
(1, 1, '08:00 AM', '10:00 AM', 1),
(3, 2, '08:00 AM', '10:00 AM', 1),
(4, 3, '08:00 AM', '10:00 AM', 1),
(6, 1, '11:00 AM', '13:00 PM', 2);

-- --------------------------------------------------------

--
-- Table structure for table `venues`
--

CREATE TABLE `venues` (
  `id` int(35) NOT NULL,
  `roomNo` varchar(35) NOT NULL
) ENGINE=InnoDB DEFAULT CHARSET=latin1;

--
-- Dumping data for table `venues`
--

INSERT INTO `venues` (`id`, `roomNo`) VALUES
(4, '001'),
(6, '002'),
(8, '003'),
(10, '004'),
(12, '005');

--
-- Indexes for dumped tables
--

--
-- Indexes for table `students`
--
ALTER TABLE `students`
  ADD PRIMARY KEY (`id`);

--
-- Indexes for table `tableslots`
--
ALTER TABLE `tableslots`
  ADD PRIMARY KEY (`id`);

--
-- Indexes for table `venues`
--
ALTER TABLE `venues`
  ADD PRIMARY KEY (`id`);

--
-- AUTO_INCREMENT for dumped tables
--

--
-- AUTO_INCREMENT for table `tableslots`
--
ALTER TABLE `tableslots`
  MODIFY `id` int(11) NOT NULL AUTO_INCREMENT, AUTO_INCREMENT=7;

--
-- AUTO_INCREMENT for table `venues`
--
ALTER TABLE `venues`
  MODIFY `id` int(35) NOT NULL AUTO_INCREMENT, AUTO_INCREMENT=13;
COMMIT;

/*!40101 SET CHARACTER_SET_CLIENT=@OLD_CHARACTER_SET_CLIENT */;
/*!40101 SET CHARACTER_SET_RESULTS=@OLD_CHARACTER_SET_RESULTS */;
/*!40101 SET COLLATION_CONNECTION=@OLD_COLLATION_CONNECTION */;
